#,Decision,Track URI,Track Name,Album Name,Artist Name(s),Release Date,Duration (ms),Popularity,Explicit,Added By,Added At,Genres,Record Label,Danceability,Energy,Key,Loudness,Mode,Speechiness,Acousticness,Instrumentalness,Liveness,Valence,Tempo,Time Signature,Original Performance Year,Original Performance Decade,Famous Cover / Sample That Overshadowed It,Verification Status,Notes,Year,Decade,Replace_With,best_known_sample_or_cover,famous_sample,famous_cover,sample_cover_year,sample_cover_artist,cover_more_famous
1,KEEP,,Crazy Blues,Crazy Blues (single),Mamie Smith and her Jazz Hounds,1920-08-10,202000.0,,,,,blues,Okeh,,,,,,,,,,,,,1920.0,1920s,,,First significant hit recording in blues genre; launched race records,1920,1920s,,,,,,,
2,KEEP,spotify:track:3qC0oPtRL1kvn4KMAIOnyK,ma Rainey's Black Bottom,Presenting Ma Rainey,Ma Rainey,1924-06-03,191493.0,11.0,0.0,kshy5udmpkpd8wc02wzhgwdsp,2024-02-15T21:41:07Z,"classic blues,blues,ragtime,country blues",Universal Digital Enterprises,0.678,0.36,1.0,-6.414,0.0,0.044,0.993,4.06e-06,0.456,0.73,99.571,4.0,1924.0,,,To research,,1924,1920,,,,,,,
3,KEEP,spotify:track:5dFP9N5DwGmCy4Wc46vg5r,Nobody Knows You When You're Down and Out,Guitar Maestro Suitcase Breakdown,Bobby Leecan;Blind Bobby Baker,,170813.0,2.0,0.0,kshy5udmpkpd8wc02wzhgwdsp,2024-10-17T09:01:13Z,"country blues,blues",Frog,0.786,0.105,2.0,-13.317,0.0,0.102,0.988,0.0,0.0978,0.548,105.749,4.0,1927.0,1920s,,To research,Recorded ~1927 (credited on label as Blind Bobby Baker & his guitar; performer Bobby Leecan).,1927,1920s,,,,,,,
4,KEEP,spotify:track:61znp1Iy11bdJ2YAbwaqw7,"Sing, Sing, Sing",Ken Burns Jazz-Benny Goodman,Benny Goodman,1928,520133.0,49.0,0.0,kshy5udmpkpd8wc02wzhgwdsp,2024-02-16T15:53:17Z,"big band,swing music,jazz,ragtime",Columbia/Legacy,0.626,0.744,2.0,-9.189,0.0,0.0662,0.847,0.892,0.145,0.259,113.117,4.0,1928.0,,,To research,,1928,1920,,,,,,,
5,KEEP,,West End Blues,West End Blues (single),Louis Armstrong and His Hot Five,1928-06-28,200000.0,,,,,jazz,Okeh,,,,,,,,,,,,,1928.0,1920s,,,Landmark jazz recording featuring groundbreaking trumpet solo,1928,1920s,,,,,,,
6,KEEP,,Strange Fruit,Strange Fruit (single),Billie Holiday,1939-04-20,190000.0,,,,,jazz;blues,Commodore,,,,,,,,,,,,,1939.0,1930s,,,Powerful anti-lynching song; catalyzed civil rights awareness,1939,1930s,,,,,,,
7,KEEP,spotify:track:0Pyu6i0jlQ3ZJRyWYZ2VLr,You're Nobody Till Somebody Loves You,Music in the Morgan Manner,Russ Morgan,,201847.0,4.0,0.0,kshy5udmpkpd8wc02wzhgwdsp,2024-10-17T08:57:43Z,big band,Legacy International,0.396,0.113,1.0,-12.449,1.0,0.0304,0.924,0.0018,0.064,0.189,85.033,4.0,1944.0,1940s,,To research,Published/first recorded 1944; became a hit for him around 1946.,1944,1940s,,,,,,,
8,KEEP,,Rocket 88,Rocket 88 (single),Jackie Brenston and His Delta Cats,1951-03-07,168000.0,,,,,rhythm and blues;rock,Chess,,,,,,,,,,,,,1951.0,1950s,,,Often cited as the first rock ’n’ roll record; first #1 R&B hit for Chess Records,1951,1950s,,,,,,,
9,KEEP,spotify:track:5Oc0vLGWdEWeCqIU8zyELt,Hound Dog,Ball N' Chain,Big Mama Thornton,,181000.0,54.0,0.0,kshy5udmpkpd8wc02wzhgwdsp,2024-02-13T21:01:17Z,"blues,classic blues",Arhoolie Records,0.563,0.542,9.0,-10.862,1.0,0.0962,0.706,3.59e-05,0.355,0.785,133.285,4.0,1952.0,1950s,,To research,Original recording 1952 (later reissues show later dates).,1952,1950s,,,,,,,
10,KEEP,spotify:track:33gipj1HluIxeXLioMxzch,Brush Up Your Shakespeare,Kiss Me Kate (Original Motion Picture Soundtrack),James Whitmore;Keenan Wynn,1953-11-26,212000.0,9.0,0.0,kshy5udmpkpd8wc02wzhgwdsp,2024-02-14T12:11:49Z,,WaterTower Music,0.762,0.406,0.0,-10.749,1.0,0.0498,0.786,1.17e-06,0.106,0.866,114.264,4.0,1953.0,,,To research,,1953,1950,,,,,,,
11,BORDERLINE,spotify:track:1UNYvZdnVxhvIJgBMJLH8D,The Man That Got Away - Expanded Version,A Star Is Born,Judy Garland,1954,383173.0,15.0,0.0,kshy5udmpkpd8wc02wzhgwdsp,2024-02-14T12:11:23Z,christmas,Columbia/Legacy/Sony Soundtrax,0.302,0.156,8.0,-13.909,1.0,0.0324,0.952,0.000241,0.159,0.26,74.841,4.0,1954.0,,,To research,release variant in title; ensure it’s the original master/take | seasonal track; only keep if it’s a key foundational source,1954,1950,,,,,,,
12,KEEP,spotify:track:0yoQrdGXBlL5syZ2xzgzMU,Georgia On My Mind,Hoagy Sings Carmichael,Hoagy Carmichael,1956,238866.0,30.0,0.0,kshy5udmpkpd8wc02wzhgwdsp,2025-06-15T19:06:55Z,big band,Blue Note Records,0.591,0.143,0.0,-16.292,0.0,0.0458,0.781,8.59e-06,0.167,0.256,75.916,4.0,1956.0,,,To research,,1956,1950,,,,,,,
13,KEEP,spotify:track:2xtC6kb6H26qVX4ZdncS7f,God Bless The Child,The Lady Sings,Billie Holiday,1956-01-01,190733.0,47.0,0.0,kshy5udmpkpd8wc02wzhgwdsp,2025-01-15T20:49:21Z,"jazz,vocal jazz",Verve Reissues,0.426,0.145,8.0,-12.006,1.0,0.0334,0.944,1.74e-05,0.238,0.24,108.218,4.0,1956.0,,,To research,,1956,1950,,,,,,,
14,KEEP,spotify:track:59IPyh29vl8BAb6k4yddbV,Mad About the Boy,It's Time For Ernestine,Ernestine Anderson,1958,204266.0,39.0,0.0,kshy5udmpkpd8wc02wzhgwdsp,2024-08-01T16:58:47Z,"vocal jazz,jazz ballads,jazz",WM Sweden,0.33,0.164,5.0,-11.622,0.0,0.0339,0.914,1.42e-06,0.119,0.297,61.025,4.0,1958.0,,,To research,,1958,1950,,,,,,,
15,KEEP,spotify:track:4ZfQwNx3FlCN07cnUvekh3,Ain't That A Shame,Fats Domino Swings,Fats Domino,1959-01-01,152200.0,59.0,0.0,kshy5udmpkpd8wc02wzhgwdsp,2024-02-18T06:13:34Z,"rock and roll,doo-wop,rockabilly,boogie-woogie",CAPITOL CATALOG MKT (C92),0.486,0.501,4.0,-8.57,1.0,0.0326,0.767,7.6e-05,0.0679,0.942,122.894,4.0,1959.0,,,To research,,1959,1950,,,,,,,
16,KEEP,spotify:track:2bnKmF9NBFL1k81BhOi40b,Gypsy: Everything's Coming Up Roses,Gypsy (Original Broadway Cast Recording),Jule Styne;Ethel Merman;Milton Rosenstock,1959,186400.0,18.0,0.0,kshy5udmpkpd8wc02wzhgwdsp,2024-02-14T12:11:26Z,,Masterworks Broadway,0.468,0.385,0.0,-7.975,1.0,0.0397,0.866,0.0,0.115,0.679,86.597,3.0,1959.0,,,To research,,1959,1950,,,,,,,
17,KEEP,spotify:track:5N61CLLUAQiC12ioQftURl,I've Got My Mind Set on You,Presenting James Ray,James Ray,1960-06-03,207173.0,33.0,0.0,kshy5udmpkpd8wc02wzhgwdsp,2024-08-01T08:56:43Z,northern soul,Universal Digital Enterprises,0.623,0.664,5.0,-7.872,1.0,0.0542,0.616,4.33e-06,0.1,0.766,84.474,4.0,1960.0,,,To research,,1960,1960,,,,,,,
18,KEEP,spotify:track:0xqtcLB45iKNfHroi5y1em,Crazy,And Then I Wrote,Willie Nelson,1962-01-01,173001.0,48.0,0.0,kshy5udmpkpd8wc02wzhgwdsp,2025-11-03T19:33:22Z,"outlaw country,classic country,country,traditional country,honky tonk",Capitol Nashville,0.509,0.194,0.0,-12.424,1.0,0.0289,0.849,9.82e-05,0.0931,0.296,99.488,3.0,1962.0,,,To research,,1962,1960,,,,,,,
19,KEEP,spotify:track:2oBweKXM5LRYS3QQAeXTUK,I'm A Woman,I'm A Woman,Peggy Lee,1963-01-01,131120.0,32.0,0.0,kshy5udmpkpd8wc02wzhgwdsp,2024-02-14T12:11:34Z,"vocal jazz,swing music,big band,jazz",Capitol Records,0.585,0.35,11.0,-10.996,0.0,0.0524,0.562,0.0,0.0992,0.663,99.645,4.0,1963.0,,,To research,,1963,1960,,,,,,,
20,KEEP,spotify:track:3QxAadrRx8aSEVd6Qzr8KF,Saudade Vem Correndo,Jazz Samba Encore!,Stan Getz;Luiz Bonfá;Maria Toledo,1963,219093.0,56.0,0.0,kshy5udmpkpd8wc02wzhgwdsp,2024-05-04T13:29:22Z,"bossa nova,jazz,brazilian jazz,cool jazz,latin jazz,jazz ballads",Verve Reissues,0.634,0.288,4.0,-16.798,1.0,0.0377,0.946,0.163,0.366,0.671,90.633,4.0,1963.0,,,To research,,1963,1960,,,,,,,
21,KEEP,spotify:track:3wvjdtA70OyOY2jcXUzuC9,Tudo De Você,"Marcos Valle Samba ""Demais""",Marcos Valle,1963-01-01,162560.0,41.0,0.0,kshy5udmpkpd8wc02wzhgwdsp,2024-05-04T13:29:22Z,"bossa nova,brazilian jazz",EMI Brazil,0.437,0.416,1.0,-12.761,1.0,0.031,0.786,0.000334,0.128,0.444,137.057,4.0,1963.0,,,To research,,1963,1960,,,,,,,
22,KEEP,spotify:track:5yZzLyY9SMI3ZjdqpXWYDp,Everybody's Talkin',Fred Neil,Fred Neil,1966-12-01,164600.0,46.0,0.0,kshy5udmpkpd8wc02wzhgwdsp,2024-02-15T17:21:28Z,"singer-songwriter,folk rock",Capitol Records,0.671,0.299,2.0,-13.215,1.0,0.0315,0.521,0.000288,0.15,0.574,120.112,4.0,1966.0,,,To research,,1966,1960,,,,,,,
23,BORDERLINE,spotify:track:4vju55Ag7apDL2CfotuE7Q,Sunny,Sunny,Bobby Hebb,1966-01-01,165066.0,65.0,0.0,kshy5udmpkpd8wc02wzhgwdsp,2024-02-17T18:36:59Z,"northern soul,classic soul",Hip-O Select,0.714,0.338,4.0,-10.994,0.0,0.0456,0.93,0.00644,0.389,0.667,128.385,4.0,1966.0,,,To research,on the well-known side; consider a less-famous master/take,1966,1960,,,,,,,
24,KEEP,spotify:track:09Plbz3Ja2gxU9xCsqA5KY,Sunny Afternoon,Face to Face (Deluxe),The Kinks,1966-10-28,212946.0,63.0,0.0,kshy5udmpkpd8wc02wzhgwdsp,2024-08-16T11:46:44Z,"proto-punk,baroque pop",Castle Communications,0.553,0.519,0.0,-8.056,1.0,0.0269,0.194,0.0,0.0667,0.474,123.695,4.0,1966.0,,,To research,,1966,1960,,,,,,,
25,BORDERLINE,spotify:track:2YoBY2ZcHo1v9Q4GOpi6LN,Sweet Charity: Big Spender,Sweet Charity (Original Broadway Cast Recording),Cy Coleman;Helen Gallagher;Thelma Oliver;Sweet Charity Ensemble;Sweet Charity Original Broadway Cast;Fred Werner,1966,217760.0,34.0,0.0,kshy5udmpkpd8wc02wzhgwdsp,2024-02-14T12:11:57Z,"exotica,musicals",Masterworks Broadway,0.478,0.185,10.0,-13.48,0.0,0.0957,0.758,0.0,0.331,0.185,88.712,4.0,1966.0,,,To research,cast/ensemble credit; verify this is the foundational/original recording | showtune; only keep if it’s a key foundational source,1966,1960,,,,,,,
26,KEEP,spotify:track:3i0meyRRCpIzyMmLdYssGw,Bring Down the Birds - Outtake,Blow-Up (Original Motion Picture Soundtrack),Herbie Hancock,1967-02-24,106306.0,38.0,0.0,kshy5udmpkpd8wc02wzhgwdsp,2024-05-04T13:29:22Z,"jazz,jazz fusion,jazz funk,hard bop,cool jazz",WaterTower Music,0.704,0.388,8.0,-15.189,1.0,0.0549,0.0685,0.831,0.109,0.878,134.165,4.0,1967.0,,,To research,,1967,1960,,,,,,,
27,KEEP,,Hush,,Billy Joe Royal,,,,,,,,,,,,,,,,,,,,,1967.0,1960.0,Deep Purple (1968),Verified,First released version; written/produced by Joe South.,1967,1960,,,,,,,
28,KEEP,spotify:track:1aRrJewQmqU3wMUf86VVc6,I Heard It Through The Grapevine,Everybody Needs Love,Gladys Knight & The Pips,1967,165893.0,46.0,0.0,kshy5udmpkpd8wc02wzhgwdsp,2024-06-06T06:06:50Z,"motown,classic soul,soul,northern soul",Motown,0.685,0.589,5.0,-11.785,1.0,0.0417,0.213,2.22e-05,0.205,0.906,112.385,4.0,1967.0,,,To research,,1967,1960,,,,,,,
29,KEEP,spotify:track:5AMGPr4Ei9LKRHilanvTk1,Giggin' Down,Together,Charles Wright & The Watts 103rd Street Rhythm Band,1968,184533.0,19.0,0.0,kshy5udmpkpd8wc02wzhgwdsp,2024-05-04T13:29:22Z,funk,Rhino/Warner Records,0.709,0.772,5.0,-10.889,1.0,0.0388,0.135,0.856,0.102,0.928,94.542,4.0,1968.0,,,To research,,1968,1960,,,,,,,
30,BORDERLINE,,Hush,,Joe South,,,,,,,,,,,,,,,,,,,,,1968.0,1960.0,Deep Purple (1968),Verified,Composer version (not first release); album cut.,1968,1960,,,,,,,
31,KEEP,,Laléna,,Donovan,,,,,,,,,,,,,,,,,,,,,1968.0,1960.0,Deep Purple (1969),Verified,Original version; written by performer.,1968,1960,,,,,,,
32,KEEP,spotify:track:5dklFzjDDNPbaRPNjL7CNW,One,Aerial Ballett,Harry Nilsson,1968,174040.0,0.0,0.0,kshy5udmpkpd8wc02wzhgwdsp,2024-02-17T12:58:28Z,"baroque pop,singer-songwriter",RCA Records Label,0.482,0.154,0.0,-14.122,0.0,0.0385,0.955,0.00154,0.122,0.168,124.035,4.0,1968.0,,,To research,,1968,1960,,,,,,,
33,KEEP,spotify:track:32Rf95ZT8gxisQMK6xAhba,Amen Brother,Color Him Father,The Winstons,1969-12-15,156560.0,38.0,0.0,kshy5udmpkpd8wc02wzhgwdsp,2024-05-04T13:29:22Z,breakbeat,Metromedia Records,0.412,0.728,1.0,-7.133,1.0,0.0326,0.00389,0.882,0.159,0.795,129.686,4.0,1969.0,,,To research,,1969,1960,,,,,,,
34,KEEP,spotify:track:4yCohBrqXj0iFdeuQK7AkO,Canto De Ossanha,Dorothy's Harp,Dorothy Ashby,1969-01-01,215533.0,36.0,0.0,kshy5udmpkpd8wc02wzhgwdsp,2024-05-04T13:29:22Z,exotica,Verve Reissues,0.714,0.55,10.0,-12.031,1.0,0.0949,0.813,0.91,0.158,0.804,93.303,4.0,1969.0,,,To research,,1969,1960,,,,,,,
35,BORDERLINE,spotify:track:2gE95JskwQ1pCACTpGe1Db,Down On The Corner,Willy And The Poor Boys (Expanded Edition),Creedence Clearwater Revival,1969-11-02,166280.0,70.0,0.0,kshy5udmpkpd8wc02wzhgwdsp,2024-05-04T13:29:22Z,"classic rock,southern rock,country rock",Craft Recordings,0.858,0.544,0.0,-9.289,1.0,0.0751,0.583,0.00109,0.0707,0.874,108.217,4.0,1969.0,,,To research,on the well-known side; consider a less-famous master/take,1969,1960,,,,,,,
36,KEEP,spotify:track:5RnlUyTKgmd7V6tXdQcKVK,Ready or Not Here I Come (Can't Hide from Love),The Sound Of Sexy Soul,The Delfonics,1969,119466.0,48.0,0.0,kshy5udmpkpd8wc02wzhgwdsp,2024-05-04T13:29:22Z,"philly soul,classic soul,motown",RCA/Legacy,0.552,0.636,3.0,-6.215,1.0,0.0338,0.304,2.32e-05,0.153,0.663,82.884,4.0,1969.0,,,To research,,1969,1960,,,,,,,
37,KEEP,spotify:track:6no0N476tAU1oJM7fZiP5Y,The Windmills Of Your Mind,Dorothy's Harp,Dorothy Ashby,1969-01-01,198840.0,45.0,0.0,kshy5udmpkpd8wc02wzhgwdsp,2024-05-04T13:29:22Z,exotica,Verve Reissues,0.595,0.472,4.0,-13.415,0.0,0.0539,0.786,0.811,0.248,0.562,80.948,4.0,1969.0,,,To research,,1969,1960,,,,,,,
38,KEEP,spotify:track:5lEyMg4GNKnMbaarvT4sRd,These Eyes,Wheatfield Soul,The Guess Who,1969-03-01,226605.0,57.0,0.0,kshy5udmpkpd8wc02wzhgwdsp,2024-02-17T19:09:28Z,classic rock,RCA/Legacy,0.561,0.382,7.0,-11.276,1.0,0.0267,0.491,1.08e-06,0.156,0.758,96.447,4.0,1969.0,,,To research,,1969,1960,,,,,,,
39,KEEP,spotify:track:405r0nuchGBDzxuTlmk1kQ,Airport Love Theme,Waldir Calmon E Seus Multisons,Waldir Calmon,1970-03-03,162047.0,23.0,0.0,kshy5udmpkpd8wc02wzhgwdsp,2024-05-04T13:29:22Z,,Universal Music Ltda.,0.511,0.466,5.0,-11.491,1.0,0.0351,0.137,0.464,0.0711,0.467,85.682,4.0,1970.0,,,To research,,1970,1970,,,,,,,
40,KEEP,,Funky Drummer,Funky Drummer (single),James Brown,1970-03-??,320000.0,,,,,funk,King,,,,,,,,,,,,,1970.0,1970s,drum break heavily sampled in hip-hop,,"Features Clyde Stubblefield’s drum break, sampled in thousands of songs",1970,1970s,,,,,,,
41,BORDERLINE,spotify:track:1l1YTy9nJ0trwhsCGcimly,It's A Shame,2nd Time Around (Expanded Edition),The Spinners,1970,190058.0,65.0,0.0,kshy5udmpkpd8wc02wzhgwdsp,2024-05-04T13:29:22Z,"philly soul,motown,classic soul,soul,northern soul",UNI/MOTOWN,0.372,0.642,11.0,-11.955,1.0,0.0594,0.0947,0.0,0.117,0.705,198.731,4.0,1970.0,,,To research,on the well-known side; consider a less-famous master/take,1970,1970,,,,,,,
42,BORDERLINE,spotify:track:7iN1s7xHE4ifF5povM6A48,Let It Be - Remastered 2009,Let It Be (Remastered),The Beatles,1970-05-08,243026.0,79.0,0.0,kshy5udmpkpd8wc02wzhgwdsp,2025-06-06T14:44:31Z,"classic rock,psychedelic rock",EMI Catalogue,0.443,0.403,0.0,-8.339,1.0,0.0322,0.631,0.0,0.111,0.41,143.462,4.0,1970.0,,,To research,on the well-known side; consider a less-famous master/take | release variant in title; ensure it’s the original master/take,1970,1970,,,,,,,
43,KEEP,spotify:track:6uYrDQX0lNmeM9di1B5rAI,Mama Told Me Not to Come,12 Songs,Randy Newman,1970,130680.0,27.0,0.0,kshy5udmpkpd8wc02wzhgwdsp,2025-06-10T20:22:11Z,,Warner Records,0.616,0.538,0.0,-10.587,1.0,0.028,0.836,0.0039,0.45,0.898,130.059,4.0,1970.0,,,To research,,1970,1970,,,,,,,
44,KEEP,spotify:track:4acYM2ql5qiU7yXtz9KM1n,Ricordandoti,La ragazza dalla pelle di luna,Piero Umiliani,1970-01-01,175961.0,55.0,0.0,kshy5udmpkpd8wc02wzhgwdsp,2024-05-04T13:29:22Z,exotica,Easy Tempo / Right Tempo,0.462,0.12,7.0,-15.306,0.0,0.0335,0.937,0.943,0.123,0.3,99.277,4.0,1970.0,,,To research,,1970,1970,,,,,,,
45,KEEP,spotify:track:0myBFxr4evQ0HxjbaL5TOe,I Don't Want to Talk About It,Crazy Horse,Crazy Horse,1971-01-01,318613.0,44.0,0.0,kshy5udmpkpd8wc02wzhgwdsp,2024-04-06T12:30:54Z,"roots rock,folk rock",Warner Records,0.511,0.33,7.0,-11.665,1.0,0.0268,0.76,0.000937,0.109,0.22,128.279,4.0,1971.0,,,To research,,1971,1970,,,,,,,
46,BORDERLINE,spotify:track:37edmyFsudW5Aw9BRbl76p,It's Great To Be Here,Maybe Tomorrow,The Jackson 5,1971-04-12,179000.0,23.0,0.0,kshy5udmpkpd8wc02wzhgwdsp,2025-01-06T11:36:01Z,"motown,christmas",Motown,0.674,0.662,5.0,-11.947,1.0,0.0312,0.477,2.23e-05,0.111,0.89,100.409,4.0,1971.0,,,To research,seasonal track; only keep if it’s a key foundational source,1971,1970,,,,,,,
47,KEEP,spotify:track:3QSESroDjgnIp5dNGiBe6N,Right On,What's Going On,Marvin Gaye,1971-05-21,452360.0,48.0,0.0,kshy5udmpkpd8wc02wzhgwdsp,2024-05-04T13:29:22Z,"motown,classic soul,soul,northern soul,quiet storm",UNI/MOTOWN,0.538,0.608,2.0,-11.069,0.0,0.0308,0.242,0.017,0.372,0.555,113.657,4.0,1971.0,,,To research,,1971,1970,,,,,,,
48,BORDERLINE,spotify:track:6g15icndZ6ig2CtKcayHHx,You Can Leave Your Hat On - 2002 Remaster,Sail Away (Expanded & Remastered Edition),Randy Newman,1972-05-01,198066.0,26.0,0.0,kshy5udmpkpd8wc02wzhgwdsp,2025-06-10T19:52:43Z,,Rhino/Warner Records,0.689,0.455,6.0,-10.991,0.0,0.0345,0.129,0.00091,0.0709,0.725,173.553,4.0,1972.0,,,To research,release variant in title; ensure it’s the original master/take,1972,1970,,,,,,,
49,KEEP,,Apache,Bongo Rock,Incredible Bongo Band,1973-??-??,297000.0,,,,,funk,MGM,,,,,,,,,,,,,1973.0,1970s,Apache break widely sampled in hip-hop,,"Instrumental featuring a bongo-driven break, anthem of breakdancing and hip-hop battles",1973,1970s,,,,,,,
50,KEEP,,Impeach the President,Impeach the President (single),The Honey Drippers,1973-06-??,233000.0,,,,,funk,Wealth,,,,,,,,,,,,,1973.0,1970s,Drum break heavily sampled in hip-hop,,Song includes a crisp snare and hi-hat break heavily sampled by hip-hop producers,1973,1970s,,,,,,,
51,BORDERLINE,spotify:track:33RLBIFWaeNw4bJOsDuisb,My Hang up Is You - Remastered,Skull Snaps,Skull Snaps,1973,237915.0,0.0,0.0,kshy5udmpkpd8wc02wzhgwdsp,2024-05-04T13:29:22Z,"northern soul,breakbeat,funk",Aztec Music,0.67,0.726,10.0,-7.633,1.0,0.0518,0.268,0.0274,0.373,0.719,129.045,4.0,1973.0,,,To research,release variant in title; ensure it’s the original master/take,1973,1970,,,,,,,
52,KEEP,,Synthetic Substitution,,Melvin Bliss,,,,,,,,,,,,,,,,,,,,,1973.0,1970s,,,Classic breakbeat; heavily sampled.,1973,1970s,,,,,,,
53,KEEP,,Assembly Line,Machine Gun,Commodores,1974-07-22,311000.0,,,,,funk;soul,Motown,,,,,,,,,,,,,1974.0,1970s,Break sampled by multiple hip-hop artists,,Contains a hard-hitting drum break used by artists from Kool G Rap to Eric B. & Rakim,1974,1970s,,,,,,,
54,KEEP,spotify:track:4xiVqeo21JSq78pFGojGVY,I Want'a Do Something Freaky To You,Come And Get Yourself Some,Leon Haywood,1974-10-14,352893.0,42.0,0.0,kshy5udmpkpd8wc02wzhgwdsp,2025-04-16T23:27:10Z,funk,Mercury Records,0.59,0.691,6.0,-7.164,0.0,0.0303,0.227,0.00374,0.128,0.84,92.288,4.0,1974.0,,,To research,,1974,1970,,,,,,,
55,KEEP,spotify:track:1liJzPedFFxvszqG4UCl7G,Gotta Learn How to Dance,Yum Yum,Fatback Band,1975-01-01,227266.0,38.0,0.0,kshy5udmpkpd8wc02wzhgwdsp,2024-04-10T15:16:14Z,"funk,post-disco,jazz funk",Ace Records,0.58,0.851,0.0,-9.85,1.0,0.194,0.0706,0.678,0.363,0.863,190.077,4.0,1975.0,,,To research,,1975,1970,,,,,,,
56,BORDERLINE,spotify:track:20VuO95A8RxUPlShnfYArW,I Got The... - 2006 Remaster,Remember My Song,Labi Siffre,1975,395373.0,60.0,0.0,kshy5udmpkpd8wc02wzhgwdsp,2025-07-11T22:04:26Z,,Parlophone UK,0.476,0.604,0.0,-10.85,0.0,0.117,0.11,4.15e-05,0.134,0.583,87.304,4.0,1975.0,,,To research,release variant in title; ensure it’s the original master/take,1975,1970,,,,,,,
57,KEEP,spotify:track:6G3NoUqDpqD3Rgfel2pD6s,Cocaine,Troubadour,J.J. Cale,1976-09,169133.0,57.0,0.0,kshy5udmpkpd8wc02wzhgwdsp,2024-07-30T05:46:40Z,"blues,roots rock,blues rock",Universal International Music B.V.,0.789,0.411,6.0,-14.73,1.0,0.049,0.409,0.583,0.144,0.39,104.352,4.0,1976.0,,,To research,,1976,1970,,,,,,,
58,BORDERLINE,spotify:track:4pNiE4LCVV74vfIBaUHm1b,Sir Duke,Songs In The Key Of Life,Stevie Wonder,1976-09-28,232760.0,72.0,0.0,kshy5udmpkpd8wc02wzhgwdsp,2025-04-03T05:24:26Z,"motown,classic soul,soul",UNI/MOTOWN,0.588,0.568,6.0,-9.766,1.0,0.0672,0.16,0.0,0.0792,0.952,106.938,4.0,1976.0,,,To research,on the well-known side; consider a less-famous master/take,1976,1970,,,,,,,
59,KEEP,spotify:track:7w7O16CLWbP1pzwNts4r8N,Surveillance,Drama Suite Part II,Alan Tew,1976-01-01,93591.0,33.0,0.0,kshy5udmpkpd8wc02wzhgwdsp,2024-05-04T13:29:22Z,jazz funk,Themes International Vinyl Series,0.692,0.204,7.0,-20.502,1.0,0.0513,0.0219,0.676,0.102,0.673,135.793,4.0,1976.0,,,To research,,1976,1970,,,,,,,
60,KEEP,spotify:track:188nFFOp3XdSHOGbhYfjOn,Lamento às Águas,Os Tincoãs,Os Tincoãs,1977,188466.0,40.0,0.0,kshy5udmpkpd8wc02wzhgwdsp,2024-05-04T13:29:22Z,"axé,samba",Sony Music Entertainment,0.447,0.393,10.0,-12.03,0.0,0.0281,0.806,0.000228,0.106,0.363,136.452,4.0,1977.0,,,To research,,1977,1970,,,,,,,
61,BORDERLINE,spotify:track:5SjL7cp1L5nhXzBH88tG4R,Love for the Sake of Love - A Tom Moulton Mix,Sweet Dynamite (USA Version),Claudja Barry,1977-01-01,473770.0,34.0,0.0,kshy5udmpkpd8wc02wzhgwdsp,2025-02-14T21:43:16Z,"hi-nrg,disco,post-disco",Lollipop Records,0.781,0.481,11.0,-12.539,1.0,0.0612,0.0387,0.0166,0.0601,0.926,90.682,4.0,1977.0,,,To research,release variant in title; ensure it’s the original master/take,1977,1970,,,,,,,
62,KEEP,spotify:track:0uqCSaw89DrglZ8LTgMfvM,The Blues Had a Baby and They Named It Rock and Roll,King Of The Electric Blues,Muddy Waters,1977,214733.0,33.0,0.0,kshy5udmpkpd8wc02wzhgwdsp,2024-04-06T12:37:08Z,"blues,classic blues,blues rock,soul blues,country blues",Epic/Legacy,0.555,0.883,2.0,-8.052,1.0,0.0463,0.492,0.669,0.744,0.759,114.172,4.0,1977.0,,,To research,,1977,1970,,,,,,,
63,KEEP,spotify:track:42MAEkamRaomzO3UWqGdh3,And the Beat Goes On,The Whispers / Happy Holidays to You,The Whispers,1979-01-01,296026.0,57.0,0.0,kshy5udmpkpd8wc02wzhgwdsp,2025-11-11T16:06:22Z,"post-disco,quiet storm,classic soul,funk,disco",Castle Communications,0.8,0.608,11.0,-9.777,0.0,0.112,0.0711,0.000361,0.0466,0.841,113.196,4.0,1979.0,,,To research,,1979,1970,,,,,,,
64,BORDERLINE,spotify:track:0G3fbPbE1vGeABDEZF0jeG,Good Times,Risqué,CHIC,1979-07-30,495400.0,67.0,0.0,kshy5udmpkpd8wc02wzhgwdsp,2024-03-05T17:24:57Z,"disco,funk",Atlantic Records,0.87,0.657,2.0,-7.32,1.0,0.0522,0.149,0.0102,0.053,0.893,110.596,4.0,1979.0,,,To research,on the well-known side; consider a less-famous master/take,1979,1970,,,,,,,
65,KEEP,spotify:track:1TsmHRIXvMTLP7Vu53XsUV,Rise,Rise,Herb Alpert,1979-09-01,457400.0,55.0,0.0,kshy5udmpkpd8wc02wzhgwdsp,2024-06-17T05:39:11Z,smooth jazz,Herb Alpert Presents,0.814,0.453,10.0,-10.802,1.0,0.0412,0.134,0.834,0.0879,0.903,99.265,4.0,1979.0,,,To research,,1979,1970,,,,,,,
66,KEEP,spotify:track:22BOvWJlyggv3cHSas2RM1,חלומות,חלומות (עם בונוסים מיוחדים),Ruchama Raz,1979,171600.0,42.0,0.0,kshy5udmpkpd8wc02wzhgwdsp,2024-05-04T13:29:22Z,,Unicell,0.588,0.499,8.0,-8.343,1.0,0.0282,0.738,9.29e-06,0.127,0.688,120.131,4.0,1979.0,,,To research,,1979,1970,,,,,,,
67,KEEP,spotify:track:1FctcqfLUnpEAj9xEukqnc,Everybody's Got to Learn Sometime,Dumb Waiters (Expanded Edition),The Korgis,1980-01-01,257946.0,52.0,0.0,kshy5udmpkpd8wc02wzhgwdsp,2025-11-14T23:12:16Z,,Sanctuary Records,0.369,0.366,1.0,-9.027,0.0,0.0261,0.622,0.0163,0.106,0.0796,74.175,4.0,1980.0,,,To research,,1980,1980,,,,,,,
68,BORDERLINE,spotify:track:38Ngied9rBORlAbLYNCl4k,Once in a Lifetime - 2005 Remaster,Remain in Light (Deluxe Version),Talking Heads,1980-10-08,259906.0,68.0,0.0,kshy5udmpkpd8wc02wzhgwdsp,2024-05-04T13:29:22Z,"new wave,post-punk",Rhino/Warner Records,0.644,0.919,2.0,-6.289,1.0,0.0561,0.181,0.134,0.622,0.871,117.459,4.0,1980.0,,,To research,on the well-known side; consider a less-famous master/take | release variant in title; ensure it’s the original master/take,1980,1980,,,,,,,
69,KEEP,spotify:track:4cgodXjv4TfrooNQxvlO4O,Atomic Dog,Computer Games,George Clinton,1982-01-01,287106.0,53.0,0.0,kshy5udmpkpd8wc02wzhgwdsp,2025-11-03T09:22:55Z,funk,Capitol Records,0.899,0.491,6.0,-11.043,0.0,0.259,0.148,3.82e-06,0.411,0.826,107.706,4.0,1982.0,,,To research,,1982,1980,,,,,,,
70,KEEP,spotify:track:3KuAa8Y79xlfJgYtBKbynY,Don't Go,Upstairs At Eric's,Yazoo,1982,191306.0,59.0,0.0,kshy5udmpkpd8wc02wzhgwdsp,2024-05-04T13:29:22Z,"synthpop,new wave",Rhino/Warner Records,0.776,0.44,6.0,-15.887,1.0,0.0613,0.34,0.00704,0.0508,0.606,125.756,4.0,1982.0,,,To research,,1982,1980,,,,,,,
71,KEEP,spotify:track:14nTQxhlyCe1QMPHLVEgEu,Flor Del Mal,Sabor y Raza,Arabella,1982-01-01,347768.0,16.0,0.0,kshy5udmpkpd8wc02wzhgwdsp,2024-05-04T13:29:22Z,salsa,Son Latin Records,0.659,0.601,10.0,-8.221,0.0,0.101,0.832,0.0129,0.0788,0.759,104.102,4.0,1982.0,,,To research,,1982,1980,,,,,,,
72,BORDERLINE,spotify:track:5GvWrvLIqoHroq7YvO260M,I Keep Forgettin' (Every Time You're Near),If That's What It Takes,Michael McDonald,1982-08-03,222280.0,68.0,0.0,kshy5udmpkpd8wc02wzhgwdsp,2025-11-11T15:47:41Z,yacht rock,Reprise,0.734,0.485,4.0,-13.865,0.0,0.0465,0.357,0.00019,0.0401,0.933,95.321,4.0,1982.0,,,To research,on the well-known side; consider a less-famous master/take,1982,1980,,,,,,,
73,KEEP,spotify:track:2C5uKhfa9B8cy9quCct7nt,הו מה יהיה,ארץ טרופית משגעת,Matti Caspi,1987-08-01,182400.0,33.0,0.0,kshy5udmpkpd8wc02wzhgwdsp,2024-05-04T13:29:22Z,,NMC United Entertainment Ltd.,0.619,0.736,7.0,-8.203,0.0,0.0653,0.367,0.0,0.15,0.645,134.264,4.0,1987.0,,,To research,,1987,1980,,,,,,,
74,KEEP,spotify:track:3akGoQXfgp4kEspr745kRv,סמבה בשניים,ארץ טרופית משגעת,Matti Caspi;Silvinha,1987-08-01,243560.0,19.0,0.0,kshy5udmpkpd8wc02wzhgwdsp,2024-05-04T13:29:22Z,brega,NMC United Entertainment Ltd.,0.541,0.193,0.0,-16.606,0.0,0.0291,0.828,4.18e-06,0.0872,0.228,101.8,4.0,1987.0,,,To research,,1987,1980,,,,,,,
75,KEEP,spotify:track:75KRlncgTKRWd9CjqPZgcx,Misty,The Original Misty,Erroll Garner,1988-08-15,169373.0,55.0,0.0,kshy5udmpkpd8wc02wzhgwdsp,2025-02-05T08:47:49Z,"jazz,jazz ballads,cool jazz",Island Mercury,0.424,0.188,10.0,-16.061,0.0,0.0422,0.943,0.615,0.167,0.15,95.291,4.0,1988.0,,,To research,,1988,1980,,,,,,,
76,BORDERLINE,spotify:track:08bNBCbuwiP9KC8hhNrS4J,Feeling Good,The Roar of the Greasepaint - The Smell of the Crowd (Original Broadway Cast Recording),Gilbert Price;The Roar of the Greasepaint - The Smell of the Crowd Ensemble,1990-08-24,161533.0,11.0,0.0,kshy5udmpkpd8wc02wzhgwdsp,2024-02-14T12:11:07Z,,Masterworks Broadway,0.271,0.248,9.0,-16.248,0.0,0.04,0.952,1.17e-06,0.33,0.201,93.064,3.0,1990.0,,,To research,cast/ensemble credit; verify this is the foundational/original recording,1990,1990,original stage recording (mid-1960s) — avoid later compilations,,,,,,
77,KEEP,spotify:track:0W0euvQlhbcsTydzsD4EQk,Death Letter Blues,Father Of The Delta Blues: The Complete 1965 Sessions,Son House,1992-06-18,259160.0,34.0,0.0,kshy5udmpkpd8wc02wzhgwdsp,2024-02-28T22:19:12Z,"blues,classic blues,country blues",Legacy/Columbia,0.803,0.288,7.0,-15.418,0.0,0.0629,0.865,0.0593,0.0833,0.865,115.685,4.0,1992.0,,,To research,,1992,1990,,,,,,,
78,BORDERLINE,spotify:track:1ZVJY1fQAZwicHIqW99dHn,You're Nobody 'Til Somebody Loves You,The Complete Capitol Recordings Of The Nat King Cole Trio,Nat King Cole Trio,1993-01-01,171933.0,43.0,0.0,kshy5udmpkpd8wc02wzhgwdsp,2025-12-20T16:05:04Z,"vocal jazz,christmas",Capitol Records,0.697,0.0886,0.0,-18.363,0.0,0.0479,0.99,0.178,0.089,0.486,127.735,4.0,1993.0,,,To research,seasonal track; only keep if it’s a key foundational source,1993,1990,,,,,,,
79,BORDERLINE,spotify:track:1QLw9hNAUEKKgrsmDkfFxK,"Hello, Dolly!","Hello, Dolly!",Jerry Herman;Barbra Streisand;Louis Armstrong,1994-01-01,470973.0,35.0,0.0,kshy5udmpkpd8wc02wzhgwdsp,2024-02-14T12:11:30Z,"musicals,adult standards,jazz,swing music,vocal jazz,big band",Philips,0.46,0.214,5.0,-12.184,1.0,0.0422,0.804,0.0,0.322,0.349,128.835,4.0,1994.0,,,To research,showtune; only keep if it’s a key foundational source,1994,1990,,,,,,,
80,BORDERLINE,spotify:track:0INtJm8gCJKtNaAYQNVlpZ,"You Don't Love Me (No, No, No) - Extended Mix","No, No, No",Dawn Penn,1994,277893.0,72.0,0.0,kshy5udmpkpd8wc02wzhgwdsp,2024-05-04T13:29:22Z,"reggae,rocksteady,roots reggae,lovers rock",Rhino Atlantic,0.811,0.428,7.0,-10.728,1.0,0.221,0.0122,0.317,0.344,0.653,80.962,4.0,1994.0,,,To research,on the well-known side; consider a less-famous master/take | release variant in title; ensure it’s the original master/take,1994,1990,,,,,,,
81,KEEP,spotify:track:2A9yj46qweEVrsvnvntEa5,רק אל תלכי,זקני צפת 2,Zikney Tzfat,1994-01-01,192426.0,46.0,0.0,kshy5udmpkpd8wc02wzhgwdsp,2024-05-04T13:29:22Z,,NaNa Disc,0.686,0.621,5.0,-8.112,1.0,0.0319,0.103,1.05e-05,0.122,0.561,128.802,4.0,1994.0,,,To research,,1994,1990,,,,,,,
82,BORDERLINE,spotify:track:5WwRKYnVy9dekqXAGPbAvU,He's the Greatest Dancer - 1995 Remaster,We Are Family (1995 Remaster),Sister Sledge,1995,375400.0,64.0,0.0,kshy5udmpkpd8wc02wzhgwdsp,2025-02-20T18:02:35Z,"disco,philly soul",Rhino Atlantic,0.7,0.816,7.0,-9.711,0.0,0.044,0.00115,0.00123,0.0901,0.838,113.244,4.0,1995.0,,,To research,release variant in title; ensure it’s the original master/take,1995,1990,,,,,,,
83,BORDERLINE,spotify:track:0XgpiStoxq1IJncYlPrvZ5,Runnin',Labcabincalifornia (Deluxe Edition),The Pharcyde,1995-01-01,296266.0,66.0,1.0,kshy5udmpkpd8wc02wzhgwdsp,2024-05-04T13:29:22Z,"jazz rap,west coast hip hop,old school hip hop,hip hop",The Bicycle Music Company,0.754,0.785,10.0,-8.178,0.0,0.18,0.0287,0.00144,0.319,0.821,94.123,4.0,1995.0,,,To research,on the well-known side; consider a less-famous master/take,1995,1990,,,,,,,
84,BORDERLINE,spotify:track:3BOyeY5RbHKwMrM9QNLmdi,The Hook & Sling - Vocal Mix,The Hook and Sling,Eddie Bo;The Soul Finders,1997-01-01,220666.0,23.0,0.0,kshy5udmpkpd8wc02wzhgwdsp,2024-05-04T13:29:22Z,,Funky Delicacies,0.757,0.851,8.0,-10.764,1.0,0.0764,0.0192,0.0109,0.19,0.962,99.083,4.0,1997.0,,,To research,release variant in title; ensure it’s the original master/take,1997,1990,,,,,,,
85,KEEP,spotify:track:1Z968oRcw7SqG0qUHbQ9jK,Even Odds,Who Else!,Jeff Beck,1999-02-26,206133.0,11.0,0.0,kshy5udmpkpd8wc02wzhgwdsp,2024-05-09T16:35:08Z,"jazz fusion,blues rock,blues",Epic,0.33,0.807,9.0,-6.882,1.0,0.0321,0.00112,0.846,0.0935,0.678,183.655,4.0,1999.0,,,To research,,1999,1990,,,,,,,
86,BORDERLINE,spotify:track:6ewN9MaFbi78oDLT9wYDgn,Ghost Town,"Stereo-Typical: A's, B's & Rarities",The Specials,2000-08-21,219306.0,62.0,0.0,kshy5udmpkpd8wc02wzhgwdsp,2024-05-04T13:29:22Z,"ska,rocksteady,ska punk",Chrysalis Records,0.664,0.765,10.0,-9.454,0.0,0.0507,0.0493,0.333,0.113,0.907,73.676,4.0,2000.0,,,To research,modern + popular; check if this is truly a foundational “before the famous thing” source,2000,2000,,,,,,,
87,KEEP,spotify:track:26wbI9PC17C8AszrgaaxJi,"Well, Well, Well Baby LA",Night Time Is The Right Time,Nappy Brown,2000,158666.0,25.0,0.0,kshy5udmpkpd8wc02wzhgwdsp,2025-09-05T23:05:27Z,"boogie-woogie,doo-wop,rockabilly",Savoy,0.699,0.276,0.0,-10.805,0.0,0.0461,0.757,0.000324,0.0844,0.686,113.453,4.0,2000.0,,,To research,,2000,2000,,,,,,,
88,KEEP,spotify:track:2pMRMIZdCiGsoQovzYKuOE,Outro,The Funky 16 Corners (Expanded Edition),Ebony Rhythm Band,2001-10-30,64319.0,8.0,0.0,kshy5udmpkpd8wc02wzhgwdsp,2024-05-04T13:29:22Z,funk,Now Again Records,0.497,0.386,5.0,-13.879,0.0,0.0961,0.386,0.868,0.286,0.454,133.477,4.0,2001.0,,,To research,,2001,2000,,,,,,,
89,KEEP,spotify:track:49LWzpzHNSVojwz59uewfr,The Ladies Who Lunch,Elaine Stritch At Liberty - Original Broadway Cast,Elaine Stritch,2002-03-26,300840.0,18.0,0.0,kshy5udmpkpd8wc02wzhgwdsp,2024-02-14T12:11:51Z,,DRG Records,0.539,0.515,5.0,-12.302,1.0,0.426,0.793,0.00017,0.751,0.546,116.746,4.0,2002.0,,,To research,,2002,2000,,,,,,,
90,KEEP,spotify:track:2NEp3MrUSkJfTLjroccqVM,Shave 'Em Dry II,Shave 'Em Dry: The Best Of Lucille Bogan,Lucille Bogan,2004-05-04,166440.0,7.0,0.0,kshy5udmpkpd8wc02wzhgwdsp,2024-02-15T21:53:22Z,"classic blues,blues,country blues,ragtime",Columbia/Legacy,0.555,0.217,7.0,-11.743,0.0,0.0512,0.995,0.0209,0.137,0.525,134.439,4.0,2004.0,,,To research,,2004,2000,,,,,,,
91,KEEP,spotify:track:72EOe9jvjhUFu3Dw5lhLiV,Will You Still Love Me Tomorrow,The Chiffons Absolutely The Best!,The Chiffons,2004-10-02,144080.0,36.0,0.0,kshy5udmpkpd8wc02wzhgwdsp,2024-02-15T21:25:16Z,"doo-wop,motown",Capitol Records,0.56,0.497,0.0,-5.788,1.0,0.0277,0.41,0.000138,0.086,0.605,120.888,4.0,2004.0,,,To research,,2004,2000,,,,,,,
92,KEEP,spotify:track:7GS4WQCPUQuZW6ZSvfZXvA,Up From the South,The Budos Band,The Budos Band,2005-11-29,206693.0,52.0,0.0,kshy5udmpkpd8wc02wzhgwdsp,2024-05-04T13:29:22Z,"afrobeat,jazz funk,funk",Daptone Records,0.67,0.829,2.0,-6.767,1.0,0.0457,0.00666,0.819,0.0993,0.556,110.684,4.0,2005.0,,,To research,,2005,2000,,,,,,,
93,BORDERLINE,spotify:track:6NPNpqiusMP8q0xcoIZnw5,California Soul - Single Version,The Complete Motown Singles Vol. 7: 1967,Messengers,2007-07-31,175240.0,6.0,0.0,kshy5udmpkpd8wc02wzhgwdsp,2025-01-03T18:25:57Z,motown,UNI/MOTOWN,0.408,0.835,5.0,-3.864,0.0,0.0477,0.0338,0.0,0.0631,0.782,192.344,4.0,2007.0,,,To research,release variant in title; ensure it’s the original master/take,2007,2000,original 1968-ish single master; avoid later remixes,,,,,,
94,KEEP,spotify:track:0inLhVJaVT7WyEyOuz4fIC,Love Will Keep Us Together,The Definitive Collection,Neil Sedaka,2007-04-24,230400.0,0.0,0.0,kshy5udmpkpd8wc02wzhgwdsp,2024-04-07T19:22:27Z,"doo-wop,adult standards",Neil Sedaka,0.736,0.583,3.0,-9.752,1.0,0.043,0.417,0.0,0.236,0.916,124.359,4.0,2007.0,,,To research,,2007,2000,,,,,,,
95,KEEP,spotify:track:70WSr32oW4jC1na5I0j0D6,Anemone,Their Satanic Majesties' Second Request,The Brian Jonestown Massacre,2008-06-09,334466.0,61.0,0.0,kshy5udmpkpd8wc02wzhgwdsp,2025-08-13T21:04:27Z,"neo-psychedelic,psychedelic rock,shoegaze,space rock",a' Records,0.527,0.636,5.0,-12.888,0.0,0.0347,0.0599,0.843,0.204,0.607,83.101,4.0,2008.0,,,To research,,2008,2000,,,,,,,
96,KEEP,spotify:track:2GhDgqABXq2bKcFaF4gaZg,But The World Goes 'Round,Finest,Liza Minnelli,2009-01-01,238200.0,23.0,0.0,kshy5udmpkpd8wc02wzhgwdsp,2024-02-14T12:11:52Z,,EMI Gold,0.333,0.17,7.0,-12.875,1.0,0.0507,0.879,0.000303,0.306,0.194,77.999,4.0,2009.0,,,To research,,2009,2000,,,,,,,
97,KEEP,spotify:track:03VdI1TvRLcyJ1eLzIXTue,Darkest Light,Darkest Light,Lafayette Afro Rock Band,2009-01-26,386573.0,0.0,0.0,kshy5udmpkpd8wc02wzhgwdsp,2024-11-21T06:12:41Z,"jazz funk,funk",Strut,0.399,0.799,11.0,-5.427,1.0,0.0493,0.377,0.0573,0.245,0.561,104.035,4.0,2009.0,,,To research,,2009,2000,,,,,,,
98,KEEP,spotify:track:1Tb8tA6TKjcbGsnXM5Q5xj,Egg Roll,Quantic Presents... The World's Rarest Funk 45s,The M & S Band,2009-01-01,122866.0,10.0,0.0,kshy5udmpkpd8wc02wzhgwdsp,2024-05-04T13:29:22Z,funk,Jazzman,0.639,0.945,6.0,-5.272,0.0,0.0869,0.000351,0.375,0.186,0.886,109.969,4.0,2009.0,,,To research,,2009,2000,,,,,,,
99,KEEP,spotify:track:3cL2n5Le1RSmzUALuhk72W,Quit Jivin',Jazzy Grooves & Rare Vibes,Pearly Queen,2009-09-28,157698.0,13.0,0.0,kshy5udmpkpd8wc02wzhgwdsp,2024-05-04T13:29:22Z,,Legacy International,0.793,0.822,4.0,-8.547,0.0,0.133,0.408,6.66e-06,0.186,0.638,102.219,4.0,2009.0,,,To research,,2009,2000,,,,,,,
100,KEEP,spotify:track:1g562RKxrtCd5RlVIXUekU,What Goes Around Comes Around,California Funk,Arthur Monday,2010-04-12,171680.0,7.0,0.0,kshy5udmpkpd8wc02wzhgwdsp,2024-05-04T13:29:22Z,,Jazzman,0.473,0.836,6.0,-5.616,1.0,0.215,0.144,0.000147,0.162,0.802,106.365,4.0,2010.0,,,To research,,2010,2010,,,,,,,
101,KEEP,spotify:track:2SAWOoDsgdXqeQihHVR4hL,Sometimes,Sounds Of The South,Bessie Jones,2011-09-06,54466.0,31.0,0.0,kshy5udmpkpd8wc02wzhgwdsp,2025-03-19T10:53:15Z,country blues,Rhino Atlantic,0.688,0.573,3.0,-14.046,1.0,0.358,0.778,0.000366,0.348,0.948,98.871,4.0,2011.0,,,To research,,2011,2010,,,,,,,
102,KEEP,spotify:track:2wibvZtPbMFbZf2lOwnzeK,Street Life,Best Of Randy Crawford,Randy Crawford,2011-08-08,256613.0,44.0,0.0,kshy5udmpkpd8wc02wzhgwdsp,2024-05-04T13:29:22Z,classic soul,Rhino,0.658,0.756,10.0,-8.751,0.0,0.0456,0.0904,0.00747,0.188,0.811,107.415,4.0,2011.0,,,To research,,2011,2010,,,,,,,
103,KEEP,spotify:track:2CZhoNAVStGOvV8jLob2ZC,Sousa Marches Medley,Vintage Orchestrals,Jack Hylton,2013-02-15,291960.0,1.0,0.0,kshy5udmpkpd8wc02wzhgwdsp,2025-06-19T15:55:18Z,"ragtime,big band",Silverphonic Records,0.703,0.425,5.0,-12.421,1.0,0.0469,0.96,0.905,0.294,0.907,128.234,4.0,2013.0,,,To research,,2013,2010,,,,,,,
104,KEEP,spotify:track:4VYP0aNubktv139b4Ztatk,Sweetheart May,"Gramophone Daze, Vol. 1",Dan W. Quinn,2014-04-18,159805.0,0.0,0.0,kshy5udmpkpd8wc02wzhgwdsp,2024-02-15T23:11:41Z,ragtime,Suburban Squire,0.578,0.23,8.0,-19.974,1.0,0.1,0.991,0.0186,0.938,0.688,127.907,4.0,2014.0,,,To research,,2014,2010,,,,,,,
105,KEEP,spotify:track:0DMgXx5Gco7Lkn5EIuA9fk,The Magic Bus,"Rubble, VOL. 6: The Clouds Have Groovy Faces",The Pudding,2014-12-08,146719.0,2.0,0.0,kshy5udmpkpd8wc02wzhgwdsp,2024-02-15T17:26:56Z,,Rubble,0.715,0.47,7.0,-10.369,1.0,0.1,0.776,0.0,0.17,0.818,90.74,4.0,2014.0,,,To research,,2014,2010,,,,,,,
106,BORDERLINE,spotify:track:2p9YWVsqELeBClwTdax7jH,Dance of the Hours,"30 Classical Masterpieces, Vol. 1",Ponchielli;Grand Philharmonia Orchestra,2015,573360.0,15.0,0.0,kshy5udmpkpd8wc02wzhgwdsp,2025-05-09T22:04:38Z,classical,OVC Media,0.347,0.0696,4.0,-22.048,1.0,0.0407,0.933,0.217,0.0749,0.122,133.733,4.0,2015.0,,,To research,cast/ensemble credit; verify this is the foundational/original recording,2015,2010,,,,,,,
107,KEEP,spotify:track:6xq3Bd7MvZVa7pda9tC4MW,The Handler,Drones,Muse,2015-06-04,273760.0,54.0,0.0,kshy5udmpkpd8wc02wzhgwdsp,2025-11-21T17:27:05Z,"alternative rock,rock",Warner Records,0.47,0.925,2.0,-4.181,1.0,0.047,0.000143,0.0417,0.449,0.279,130.009,4.0,2015.0,,,To research,,2015,2010,,,,,,,
108,KEEP,spotify:track:2CDN6EDsrs2XrnCHCx4NT4,Soul Kitchen,"Praise Poems, Vol. 3",The Lime,2016-02-12,230826.0,3.0,0.0,kshy5udmpkpd8wc02wzhgwdsp,2025-02-04T19:03:14Z,k-ballad,Tramp Records,0.517,0.513,9.0,-7.534,1.0,0.035,0.109,1.51e-06,0.25,0.648,114.086,4.0,2016.0,,,To research,,2016,2010,,,,,,,
109,KEEP,spotify:track:7FXuCkl1kfxwS5icDjTwbM,Hard to Handle,Dock of the Bay Sessions,Otis Redding,2018-05-18,141000.0,61.0,0.0,kshy5udmpkpd8wc02wzhgwdsp,2024-02-16T11:08:33Z,"motown,soul,classic soul,soul blues",Rhino Atlantic,0.666,0.55,10.0,-8.672,1.0,0.0612,0.573,1.84e-06,0.122,0.961,95.552,4.0,2018.0,,,To research,,2018,2010,,,,,,,
110,KEEP,spotify:track:0IPAr9x0VOpCnk2hNuk5aO,Yabaal,"Dur Dur of Somalia - Vol. 1, Vol. 2 (Analog Africa No. 27)",Dur-Dur Band,2018-09-14,357480.0,34.0,0.0,kshy5udmpkpd8wc02wzhgwdsp,2024-05-04T13:29:22Z,,Analog Africa,0.621,0.784,4.0,-10.166,1.0,0.111,0.177,0.0973,0.234,0.788,108.772,4.0,2018.0,,,To research,,2018,2010,,,,,,,
111,BORDERLINE,spotify:track:7n95VDdVQgVOg4U80TlSTI,Walk Like a Motherfucker,A Song For Paul,Ghost Funk Orchestra,2019-08-23,185160.0,52.0,1.0,kshy5udmpkpd8wc02wzhgwdsp,2025-10-04T19:03:56Z,"neo-psychedelic,psychedelic rock",Karma Chief Records,0.548,0.76,6.0,-7.63,1.0,0.0253,0.38,0.588,0.306,0.882,106.072,4.0,2019.0,,,To research,cast/ensemble credit; verify this is the foundational/original recording,2019,2010,swap for an earlier proto-psych / garage source (late-1960s/early-1970s),,,,,,
112,BORDERLINE,spotify:track:0dDpbO0H2cZ927nOWkzoqN,Till There Was You,The Music Man (Original Broadway Cast),Meredith Willson,2021-08-18,165697.0,18.0,0.0,kshy5udmpkpd8wc02wzhgwdsp,2024-02-13T21:08:32Z,musicals,Golden Ear Music,0.185,0.246,3.0,-13.23,1.0,0.0361,0.697,0.0,0.311,0.191,89.796,4.0,2021.0,,,To research,showtune; only keep if it’s a key foundational source,2021,2020,original Broadway cast recording (1957) / earliest sanctioned master,,,,,,
113,BORDERLINE,spotify:track:4zIeRcsaho6lZuaXEYR1y3,Easier Said Than Done,Thee Sacred Souls,Thee Sacred Souls,2022-08-26,174706.0,70.0,0.0,kshy5udmpkpd8wc02wzhgwdsp,2025-07-01T00:27:26Z,retro soul,Penrose / Daptone Records,0.547,0.399,10.0,-9.808,1.0,0.0246,0.668,2.81e-06,0.132,0.563,84.127,4.0,2022.0,,,To research,on the well-known side; consider a less-famous master/take,2022,2020,,,,,,,
114,KEEP,spotify:track:3uHkj54eTaqoWirbvSgpWV,Comin' Home Baby,2 Feet in the Gutter,Dave Bailey Quintet,2023-01-06,336671.0,0.0,0.0,kshy5udmpkpd8wc02wzhgwdsp,2025-07-26T17:15:25Z,"hard bop,ambient jazz",TP4 Music,0.399,0.402,7.0,-12.332,0.0,0.0392,0.517,0.00451,0.274,0.803,180.095,4.0,2023.0,,,To research,duplicate title: kept this take,2023,2020,,,,,,,
